{
  "n_features": 39,
  "mean_": [
    2.0288959516257776,
    1.0888820779396267,
    11.349619595015922,
    1.1371844032461322,
    -1.009588180518732,
    0.0009288004865308677,
    0.4656635193585804,
    149.49037698129328,
    0.04056114057453758,
    2.8896236040788454,
    5.75683596584855,
    1.8682842313016697,
    0.005070370363970251,
    2.56369346534697,
    5.481118096493002,
    0.7153896759661686,
    0.6007488988930496,
    6.704882622037719,
    0.08100344573655847,
    0.010442581207271581,
    1.451292927127059,
    0.09671793893659658,
    0.0014785891043256176,
    0.08569563825319453,
    0.5022371581687433,
    0.09085029499568385,
    0.01016201561518445,
    0.2364883158333236,
    0.0,
    0.0,
    0.0,
    0.0,
    0.0,
    0.0,
    0.0,
    0.0,
    0.0,
    0.0,
    0.0
  ],
  "scale_": [
    0.40016636512711107,
    0.07244969273190598,
    0.4439327686096726,
    0.42699680095751635,
    0.0667463218289931,
    0.0005209247332797589,
    0.13335812369219202,
    54.76600455557359,
    0.014887798610437136,
    1.5004468229657826,
    2.1700060101144256,
    8.90563859773442,
    0.008338674691818948,
    2.4073720618379326,
    3.0393535485042293,
    0.19882842063002443,
    0.10291304997104288,
    0.9156463982927934,
    0.09430118662806186,
    0.10885262891140063,
    0.11900175256509801,
    0.07159154223683391,
    0.0017548417345293699,
    0.15783444295936358,
    0.1570791473735078,
    0.05744327484040757,
    0.0072948031692235266,
    0.051383100127160554,
    1.0,
    1.0,
    1.0,
    1.0,
    1.0,
    1.0,
    1.0,
    1.0,
    1.0,
    1.0,
    1.0
  ],
  "var_": [
    0.16013311977904437,
    0.00524895797694759,
    0.19707630304544915,
    0.18232626802795282,
    0.004455071477699519,
    2.7136257774258796e-07,
    0.01778438915470199,
    2999.3152549811066,
    0.0002216465474649339,
    2.2513406685481105,
    4.708926083932728,
    79.3103988334571,
    6.953349561598182e-05,
    5.7954402441178186,
    9.237669992805252,
    0.03953274085022992,
    0.01059109585434237,
    0.8384083267065647,
    0.008892713799460553,
    0.011848894820923092,
    0.014161417113564811,
    0.005125348919848374,
    3.0794695132460476e-06,
    0.024911711384292597,
    0.024673858539588187,
    0.0032997298243906017,
    5.321415327771361e-05,
    0.002640222978677807,
    0.0,
    0.0,
    0.0,
    0.0,
    0.0,
    0.0,
    0.0,
    0.0,
    0.0,
    0.0,
    0.0
  ],
  "feature_names": [
    "fft_mean",
    "fft_std",
    "fft_max",
    "fft_high_freq_energy",
    "fft_radial_slope",
    "dct_mean",
    "dct_std",
    "dct_dc_mean",
    "dct_ac_energy",
    "prnu_mean",
    "prnu_std",
    "prnu_autocorr",
    "prnu_temporal_consistency",
    "flow_mean_magnitude",
    "flow_std_magnitude",
    "flow_smoothness",
    "flow_temporal_consistency",
    "entropy_mean",
    "entropy_std",
    "entropy_slope",
    "fractal_dim_mean",
    "fractal_dim_std",
    "causal_prediction_error",
    "causal_predictability",
    "compression_mean",
    "compression_std",
    "compression_delta_mean",
    "complexity_mean",
    "deep_feat_mean",
    "deep_feat_std",
    "deep_feat_max",
    "deep_feat_min",
    "deep_temporal_var_mean",
    "deep_temporal_var_std",
    "deep_l2_norm_mean",
    "deep_l2_norm_std",
    "deep_similarity_mean",
    "deep_similarity_std",
    "deep_sparsity"
  ],
  "sklearn_version_saved": "1.5.1",
  "note": "Use (x - mean_[i]) / scale_[i] for manual scaling \u2014 no sklearn needed"
}