{
  "n_features": 39,
  "mean_": [
    2.114645460377569,
    1.0840874801141134,
    11.259536109355667,
    1.243393771211553,
    -1.0068865175943198,
    0.0009386727530502681,
    0.46946579636716695,
    151.27718913036844,
    0.043976978433567175,
    3.386711830493086,
    6.433087782089754,
    1.746035396127227,
    0.003585713980315301,
    3.496398117138732,
    5.99119847763029,
    0.6821352064794635,
    0.5735897825834173,
    6.778606861089328,
    0.08836824153925969,
    -0.00023521892282633134,
    1.4873219398978335,
    0.08729219383933229,
    0.0012665849740745537,
    0.062006821173318426,
    0.5325116243051446,
    0.06755957126137309,
    0.01150538268902553,
    0.23968702316376733,
    0.0,
    0.0,
    0.0,
    0.0,
    0.0,
    0.0,
    0.0,
    0.0,
    0.0,
    0.0,
    0.0
  ],
  "scale_": [
    0.4776564680648492,
    0.08845752141012073,
    0.44382940131358745,
    0.5252899933301178,
    0.07876753619203605,
    0.0005605007103914219,
    0.12569578659795796,
    54.29987351960095,
    0.018072514222552374,
    1.8390254011926033,
    2.6050809849232115,
    4.5113220343114,
    0.007044045628171196,
    2.949342500746913,
    3.3388948960743043,
    0.21038049719812787,
    0.11598633587127795,
    1.057381368253123,
    0.09499960061778541,
    0.11408383369008243,
    0.1370070641248153,
    0.08735526252120364,
    0.0017885570824268471,
    0.12820554773222312,
    0.17490573475343935,
    0.05499880625559651,
    0.009077843122666384,
    0.05523994352999823,
    1.0,
    1.0,
    1.0,
    1.0,
    1.0,
    1.0,
    1.0,
    1.0,
    1.0,
    1.0,
    1.0
  ],
  "var_": [
    0.22815570148418626,
    0.007824733094021968,
    0.19698453747037745,
    0.2759295770927553,
    0.00620432475776371,
    3.141610463492886e-07,
    0.01579943076847939,
    2948.476264244661,
    0.0003266157703243578,
    3.382014426231615,
    6.78644693800849,
    20.352026497263545,
    4.9618578811757745e-05,
    8.698621186712055,
    11.14821912703104,
    0.044259953601331496,
    0.013452830108844897,
    1.1180553579288466,
    0.009024924117538734,
    0.013015121109426386,
    0.01877093562010125,
    0.007630941890148404,
    3.1989364370992358e-06,
    0.016436662469319338,
    0.03059201604964048,
    0.003024868689540641,
    8.240723575974136e-05,
    0.0030514513611973933,
    0.0,
    0.0,
    0.0,
    0.0,
    0.0,
    0.0,
    0.0,
    0.0,
    0.0,
    0.0,
    0.0
  ],
  "feature_names": [
    "fft_mean",
    "fft_std",
    "fft_max",
    "fft_high_freq_energy",
    "fft_radial_slope",
    "dct_mean",
    "dct_std",
    "dct_dc_mean",
    "dct_ac_energy",
    "prnu_mean",
    "prnu_std",
    "prnu_autocorr",
    "prnu_temporal_consistency",
    "flow_mean_magnitude",
    "flow_std_magnitude",
    "flow_smoothness",
    "flow_temporal_consistency",
    "entropy_mean",
    "entropy_std",
    "entropy_slope",
    "fractal_dim_mean",
    "fractal_dim_std",
    "causal_prediction_error",
    "causal_predictability",
    "compression_mean",
    "compression_std",
    "compression_delta_mean",
    "complexity_mean",
    "deep_feat_mean",
    "deep_feat_std",
    "deep_feat_max",
    "deep_feat_min",
    "deep_temporal_var_mean",
    "deep_temporal_var_std",
    "deep_l2_norm_mean",
    "deep_l2_norm_std",
    "deep_similarity_mean",
    "deep_similarity_std",
    "deep_sparsity"
  ],
  "sklearn_version_saved": "1.5.1",
  "note": "Use (x - mean_[i]) / scale_[i] for manual scaling \u2014 no sklearn needed"
}