{
  "n_features": 39,
  "mean_": [
    2.0526618543839614,
    1.0853566582629224,
    11.318860518853397,
    1.1716537840318995,
    -1.0081157575379933,
    0.0009332290142607379,
    0.4638729938706815,
    149.20563135462882,
    0.04129124126760968,
    3.0283635700775298,
    5.965935601303909,
    2.0759395465945567,
    0.005509302084047005,
    2.892172556326089,
    5.891946621959573,
    0.6931847449490763,
    0.5912461293651569,
    6.737897654006023,
    0.08495232881669769,
    0.008192490684913182,
    1.4593071380198397,
    0.09404224046468981,
    0.0015126704676228673,
    0.0782871133444325,
    0.5053857314073487,
    0.08740716919006891,
    0.010773070021964214,
    0.2367789713258775,
    0.0,
    0.0,
    0.0,
    0.0,
    0.0,
    0.0,
    0.0,
    0.0,
    0.0,
    0.0,
    0.0
  ],
  "scale_": [
    0.41745494972974295,
    0.07951173941991226,
    0.44245665823944746,
    0.45805862040006273,
    0.07163190101955896,
    0.000532139968171465,
    0.1306430949167047,
    53.8848422558816,
    0.015531641010680119,
    1.6459379873586655,
    2.373633211992737,
    9.989940032117861,
    0.012823711030583015,
    2.667533001597095,
    3.469864727631705,
    0.21405396608148775,
    0.10831548439355532,
    0.9016079808493562,
    0.09689322158492668,
    0.1129243219844857,
    0.12247662890410946,
    0.06987564732590537,
    0.0018284384823094829,
    0.15216745945233806,
    0.15688092040750592,
    0.056420417263347365,
    0.007825678692884787,
    0.04955902111680884,
    1.0,
    1.0,
    1.0,
    1.0,
    1.0,
    1.0,
    1.0,
    1.0,
    1.0,
    1.0,
    1.0
  ],
  "var_": [
    0.1742686350538622,
    0.006322116705580028,
    0.19576789442041923,
    0.20981769972280878,
    0.005131129243675893,
    2.8317294572552777e-07,
    0.017067618249415113,
    2903.5762249412433,
    0.00024123187248464053,
    2.7091118582302944,
    5.634134625074958,
    99.79890184531102,
    0.00016444756459589648,
    7.115732314609608,
    12.039961228062646,
    0.04581910039521471,
    0.011732244159410524,
    0.8128969511312532,
    0.0093882963891057,
    0.012751902495655798,
    0.01500052462771494,
    0.004882606089214306,
    3.343187283590205e-06,
    0.023154935716178944,
    0.024611623187906207,
    0.003183263484170225,
    6.124124700427095e-05,
    0.0024560965740563047,
    0.0,
    0.0,
    0.0,
    0.0,
    0.0,
    0.0,
    0.0,
    0.0,
    0.0,
    0.0,
    0.0
  ],
  "feature_names": [
    "fft_mean",
    "fft_std",
    "fft_max",
    "fft_high_freq_energy",
    "fft_radial_slope",
    "dct_mean",
    "dct_std",
    "dct_dc_mean",
    "dct_ac_energy",
    "prnu_mean",
    "prnu_std",
    "prnu_autocorr",
    "prnu_temporal_consistency",
    "flow_mean_magnitude",
    "flow_std_magnitude",
    "flow_smoothness",
    "flow_temporal_consistency",
    "entropy_mean",
    "entropy_std",
    "entropy_slope",
    "fractal_dim_mean",
    "fractal_dim_std",
    "causal_prediction_error",
    "causal_predictability",
    "compression_mean",
    "compression_std",
    "compression_delta_mean",
    "complexity_mean",
    "deep_feat_mean",
    "deep_feat_std",
    "deep_feat_max",
    "deep_feat_min",
    "deep_temporal_var_mean",
    "deep_temporal_var_std",
    "deep_l2_norm_mean",
    "deep_l2_norm_std",
    "deep_similarity_mean",
    "deep_similarity_std",
    "deep_sparsity"
  ],
  "sklearn_version_saved": "1.5.1",
  "note": "Use (x - mean_[i]) / scale_[i] for manual scaling \u2014 no sklearn needed"
}