{
  "n_features": 39,
  "mean_": [
    2.1422570198774338,
    1.0640626060111182,
    11.186672908919197,
    1.3033121102267788,
    -0.9862768341388021,
    0.0008517547092662339,
    0.4483927742445043,
    140.3951871395111,
    0.04483322442198793,
    3.2950484209827016,
    6.298209525289989,
    1.700830221264845,
    0.004418310017763631,
    3.4282132031928216,
    5.757741545814843,
    0.693173896077843,
    0.5861254430242947,
    6.671109773928211,
    0.08784613670182548,
    0.012112454449466202,
    1.4843240089359737,
    0.09617666415925626,
    0.001281458345064699,
    0.060938866720313116,
    0.5401475781663543,
    0.0711399417985896,
    0.011455234163024994,
    0.24019682030415251,
    0.0,
    0.0,
    0.0,
    0.0,
    0.0,
    0.0,
    0.0,
    0.0,
    0.0,
    0.0,
    0.0
  ],
  "scale_": [
    0.5067763833228156,
    0.09185873925131156,
    0.5058949025316886,
    0.5628360678287135,
    0.07903973464576448,
    0.0005534456996358699,
    0.1262157373727587,
    53.238053070455045,
    0.019107961288546357,
    1.7451740407746261,
    2.5175064253335044,
    4.090298058197378,
    0.008494390716990177,
    3.0001067927021263,
    3.284264900946291,
    0.21327759543018823,
    0.1253963359913258,
    1.208529242916273,
    0.10354569693407648,
    0.11870582421995843,
    0.13857509007947355,
    0.10220337609572337,
    0.0018814813593922976,
    0.13122294050278716,
    0.1915189186284249,
    0.06033880073626802,
    0.009778523910056567,
    0.05603231556935912,
    1.0,
    1.0,
    1.0,
    1.0,
    1.0,
    1.0,
    1.0,
    1.0,
    1.0,
    1.0,
    1.0
  ],
  "var_": [
    0.25682230269375333,
    0.008438027976840448,
    0.25592965240754667,
    0.31678443924888827,
    0.006247279652872863,
    3.0630214244543755e-07,
    0.015930412360549196,
    2834.290294732588,
    0.0003651141846045861,
    3.0456324325936364,
    6.337838601595479,
    16.73053820489324,
    7.215467365288888e-05,
    9.00064076761744,
    10.786395939587752,
    0.04548733271248304,
    0.015724241080049467,
    1.46054293098378,
    0.010721711353563614,
    0.01409107270373967,
    0.019203055590534212,
    0.01044553008536388,
    3.539972105740688e-06,
    0.017219460114198015,
    0.03667949619260124,
    0.0036407708742910577,
    9.561952985954797e-05,
    0.0031396203880642445,
    0.0,
    0.0,
    0.0,
    0.0,
    0.0,
    0.0,
    0.0,
    0.0,
    0.0,
    0.0,
    0.0
  ],
  "feature_names": [
    "fft_mean",
    "fft_std",
    "fft_max",
    "fft_high_freq_energy",
    "fft_radial_slope",
    "dct_mean",
    "dct_std",
    "dct_dc_mean",
    "dct_ac_energy",
    "prnu_mean",
    "prnu_std",
    "prnu_autocorr",
    "prnu_temporal_consistency",
    "flow_mean_magnitude",
    "flow_std_magnitude",
    "flow_smoothness",
    "flow_temporal_consistency",
    "entropy_mean",
    "entropy_std",
    "entropy_slope",
    "fractal_dim_mean",
    "fractal_dim_std",
    "causal_prediction_error",
    "causal_predictability",
    "compression_mean",
    "compression_std",
    "compression_delta_mean",
    "complexity_mean",
    "deep_feat_mean",
    "deep_feat_std",
    "deep_feat_max",
    "deep_feat_min",
    "deep_temporal_var_mean",
    "deep_temporal_var_std",
    "deep_l2_norm_mean",
    "deep_l2_norm_std",
    "deep_similarity_mean",
    "deep_similarity_std",
    "deep_sparsity"
  ],
  "sklearn_version_saved": "1.5.1",
  "note": "Use (x - mean_[i]) / scale_[i] for manual scaling \u2014 no sklearn needed"
}